cid,cname,type,art,url,ability,cost,power,carddefid,uuid,source,source_slug
106,Iron Fist,Character,https://marvelsnapzone.com/wp-content/themes/blocksy-child/assets/media/cards/iron-fist.webp?v=20,https://marvelsnapzone.com/cards/iron-fist,On Reveal: Move the next card you play one location to the leftafter it reveals.,1,2,IronFist,mqc7nsitfm9j5fvb,Collection Level 18-214 (Pool 1),pool-1
120,Kitty Pryde,Character,https://marvelsnapzone.com/wp-content/themes/blocksy-child/assets/media/cards/kitty-pryde.webp?v=21,https://marvelsnapzone.com/cards/kitty-pryde,You can pull this back to your hand at any time.,1,2,KittyPryde,mqc7nsitfm9j5fvb,Not Available,not-available
181,Nightcrawler,Character,https://marvelsnapzone.com/wp-content/themes/blocksy-child/assets/media/cards/nightcrawler.webp?v=21,https://marvelsnapzone.com/cards/nightcrawler,You can move this once.,1,2,Nightcrawler,mqc7nsitfm9j5fvb,Collection Level 1-14,collection-level
13,Armor,Character,https://marvelsnapzone.com/wp-content/themes/blocksy-child/assets/media/cards/armor.webp?v=21,https://marvelsnapzone.com/cards/armor,Ongoing: Cards at this location can't be destroyed.,2,3,Armor,mqc7nsitfm9j5fvb,Collection Level 18-214 (Pool 1),pool-1
217,Scarlet Witch,Character,https://marvelsnapzone.com/wp-content/themes/blocksy-child/assets/media/cards/scarlet-witch.webp?v=21,https://marvelsnapzone.com/cards/scarlet-witch,On Reveal: Replace this location with a random new one.,2,3,ScarletWitch,mqc7nsitfm9j5fvb,Collection Level 18-214 (Pool 1),pool-1
75,Electro,Character,https://marvelsnapzone.com/wp-content/themes/blocksy-child/assets/media/cards/electro.webp?v=21,https://marvelsnapzone.com/cards/electro,On Reveal: +1 Max Energy. Ongoing: You can only play 1 card a turn.,3,2,Electro,mqc7nsitfm9j5fvb,Collection Level 486+ (Pool 3),pool-3
151,Mirage,Character,https://marvelsnapzone.com/wp-content/themes/blocksy-child/assets/media/cards/mirage.webp?v=21,https://marvelsnapzone.com/cards/mirage,"As you play this, disguise it as Mister Fantastic. After the final turn, reveal it.",4,5,Mirage,mqc7nsitfm9j5fvb,Not Available,not-available
30,Blue Marvel,Character,https://marvelsnapzone.com/wp-content/themes/blocksy-child/assets/media/cards/blue-marvel.webp?v=21,https://marvelsnapzone.com/cards/blue-marvel,Ongoing: Your other cards have +1 Power.,5,3,BlueMarvel,mqc7nsitfm9j5fvb,Recruit Season,recruit-season
107,Iron Man,Character,https://marvelsnapzone.com/wp-content/themes/blocksy-child/assets/media/cards/iron-man.webp?v=21,https://marvelsnapzone.com/cards/iron-man,Ongoing: Your total Power is doubled at this location.,5,0,IronMan,mqc7nsitfm9j5fvb,Starter Card,starter-card
254,Surtur,Character,https://marvelsnapzone.com/wp-content/themes/blocksy-child/assets/media/cards/surtur.webp?v=21,https://marvelsnapzone.com/cards/surtur,"If you move the Human Torch to this location, +10 Power.",5,0,Surtur,mqc7nsitfm9j5fvb,Not Available,not-available
252,Sunspot,Character,https://marvelsnapzone.com/wp-content/themes/blocksy-child/assets/media/cards/sunspot.webp?v=21,https://marvelsnapzone.com/cards/sunspot,"At the end of each turn, gain +1 Power for each unspent Energy.",1,1,Sunspot,7csrqwtlzhgvcfulf,Collection Level 222-474 (Pool 2),pool-2
185,Okoye,Character,https://marvelsnapzone.com/wp-content/themes/blocksy-child/assets/media/cards/okoye.webp?v=21,https://marvelsnapzone.com/cards/okoye,On Reveal: Give every card in your deck +1 Power.,2,2,Okoye,7csrqwtlzhgvcfulf,Collection Level 222-474 (Pool 2),pool-2
294,Wave,Character,https://marvelsnapzone.com/wp-content/themes/blocksy-child/assets/media/cards/wave.webp?v=21,https://marvelsnapzone.com/cards/wave,"On Reveal: Next turn, cards in both players' hands cost 4.",3,3,Wave,7csrqwtlzhgvcfulf,Collection Level 486+ (Pool 3),pool-3
112,Jubilee,Character,https://marvelsnapzone.com/wp-content/themes/blocksy-child/assets/media/cards/jubilee.webp?v=21,https://marvelsnapzone.com/cards/jubilee,On Reveal: Play a card from your deck at this location.,4,1,Jubilee,7csrqwtlzhgvcfulf,Collection Level 222-474 (Pool 2),pool-2
163,Moon Girl,Character,https://marvelsnapzone.com/wp-content/themes/blocksy-child/assets/media/cards/moon-girl.webp?v=21,https://marvelsnapzone.com/cards/moon-girl,On Reveal: Duplicate your hand.,4,4,MoonGirl,7csrqwtlzhgvcfulf,Collection Level 18-214 (Pool 1),pool-1
62,Devil Dinosaur,Character,https://marvelsnapzone.com/wp-content/themes/blocksy-child/assets/media/cards/devil-dinosaur.webp?v=21,https://marvelsnapzone.com/cards/devil-dinosaur,Ongoing: +2 Power for each card in your hand.,5,3,DevilDinosaur,7csrqwtlzhgvcfulf,Collection Level 18-214 (Pool 1),pool-1
8,America Chavez,Character,https://marvelsnapzone.com/wp-content/themes/blocksy-child/assets/media/cards/america-chavez.webp?v=21,https://marvelsnapzone.com/cards/america-chavez,"You always draw this card on turn 6, and not before.",6,9,AmericaChavez,7csrqwtlzhgvcfulf,Collection Level 18-214 (Pool 1),pool-1
101,Hulk,Character,https://marvelsnapzone.com/wp-content/themes/blocksy-child/assets/media/cards/hulk.webp?v=21,https://marvelsnapzone.com/cards/hulk,,6,12,Hulk,7csrqwtlzhgvcfulf,Starter Card,starter-card
264,The Infinaut,Character,https://marvelsnapzone.com/wp-content/themes/blocksy-child/assets/media/cards/the-infinaut.webp?v=21,https://marvelsnapzone.com/cards/the-infinaut,"If you played a card last turn, you can't play this.",6,20,Infinaut,7csrqwtlzhgvcfulf,Collection Level 222-474 (Pool 2),pool-2
40,Cloak,Character,https://marvelsnapzone.com/wp-content/themes/blocksy-child/assets/media/cards/cloak.webp?v=21,https://marvelsnapzone.com/cards/cloak,"On Reveal: Next turn, both players can move cards to this location.",2,4,Cloak,9h4dmmgpbumfye3qfb,Collection Level 222-474 (Pool 2),pool-2
196,Psylocke,Character,https://marvelsnapzone.com/wp-content/themes/blocksy-child/assets/media/cards/psylocke.webp?v=21,https://marvelsnapzone.com/cards/psylocke,"On Reveal: Next turn, you get +1 Energy.",2,1,Psylocke,9h4dmmgpbumfye3qfb,Collection Level 486+ (Pool 3),pool-3
145,Maximus,Character,https://marvelsnapzone.com/wp-content/themes/blocksy-child/assets/media/cards/maximus.webp?v=21,https://marvelsnapzone.com/cards/maximus,On Reveal: Your opponent draws 2 cards.,3,7,Maximus,9h4dmmgpbumfye3qfb,Collection Level 486+ (Pool 3),pool-3
36,Captain Marvel,Character,https://marvelsnapzone.com/wp-content/themes/blocksy-child/assets/media/cards/captain-marvel.webp?v=21,https://marvelsnapzone.com/cards/captain-marvel,"At the end of the game, move to a location that wins you the game. (If possible)",5,6,CaptainMarvel,9h4dmmgpbumfye3qfb,Collection Level 486+ (Pool 3),pool-3
131,Leech,Character,https://marvelsnapzone.com/wp-content/themes/blocksy-child/assets/media/cards/leech.webp?v=21,https://marvelsnapzone.com/cards/leech,On Reveal: Remove the abilities from all cards in your opponent's hand.,5,3,Leech,9h4dmmgpbumfye3qfb,Collection Level 222-474 (Pool 2),pool-2
129,Leader,Character,https://marvelsnapzone.com/wp-content/themes/blocksy-child/assets/media/cards/leader.webp?v=21,https://marvelsnapzone.com/cards/leader,"On Reveal: Copy all cards your opponent played this turn, but on your side.",6,4,Leader,9h4dmmgpbumfye3qfb,Collection Level 486+ (Pool 3),pool-3
184,Odin,Character,https://marvelsnapzone.com/wp-content/themes/blocksy-child/assets/media/cards/odin.webp?v=21,https://marvelsnapzone.com/cards/odin,On Reveal: Activate the On Reveal abilities of your other cards at this location.,6,8,Odin,9h4dmmgpbumfye3qfb,Collection Level 1-14,collection-level
207,Rocket Raccoon,Character,https://marvelsnapzone.com/wp-content/themes/blocksy-child/assets/media/cards/rocket-racoon.webp?v=21,https://marvelsnapzone.com/cards/rocket-raccoon,"On Reveal: If your opponent played a card here this turn, +2 Power.",1,2,RocketRaccoon,anksxoeos5qjgi4oqw,Collection Level 18-214 (Pool 1),pool-1
146,Medusa,Character,https://marvelsnapzone.com/wp-content/themes/blocksy-child/assets/media/cards/medusa.webp?v=21,https://marvelsnapzone.com/cards/medusa,"On Reveal: If this is at the middle location, +2 Power.",2,2,Medusa,anksxoeos5qjgi4oqw,Starter Card,starter-card
245,Star-Lord,Character,https://marvelsnapzone.com/wp-content/themes/blocksy-child/assets/media/cards/star-lord.webp?v=21,https://marvelsnapzone.com/cards/star-lord,"On Reveal: If your opponent played a card here this turn, +3 Power.",2,2,Starlord,anksxoeos5qjgi4oqw,Starter Card,starter-card
108,Ironheart,Character,https://marvelsnapzone.com/wp-content/themes/blocksy-child/assets/media/cards/ironheart.webp?v=21,https://marvelsnapzone.com/cards/ironheart,On Reveal: Give 3 other friendly cards +2 Power.,3,0,Ironheart,anksxoeos5qjgi4oqw,Recruit Season,recruit-season
153,Mister Fantastic,Character,https://marvelsnapzone.com/wp-content/themes/blocksy-child/assets/media/cards/mister-fantastic.webp?v=21,https://marvelsnapzone.com/cards/mister-fantastic,Ongoing: Adjacent locations have +2 Power.,3,2,MrFantastic,anksxoeos5qjgi4oqw,Collection Level 1-14,collection-level
111,Jessica Jones,Character,https://marvelsnapzone.com/wp-content/themes/blocksy-child/assets/media/cards/jessica-jones.webp?v=21,https://marvelsnapzone.com/cards/jessica-jones,"On Reveal: If you don't play a card here next turn, +4 Power.",4,4,JessicaJones,anksxoeos5qjgi4oqw,Collection Level 1-14,collection-level
84,Gamora,Character,https://marvelsnapzone.com/wp-content/themes/blocksy-child/assets/media/cards/gamora.webp?v=21,https://marvelsnapzone.com/cards/gamora,"On Reveal: If your opponent played a card here this turn, +5 Power.",5,7,Gamora,anksxoeos5qjgi4oqw,Recruit Season,recruit-season
121,Klaw,Character,https://marvelsnapzone.com/wp-content/themes/blocksy-child/assets/media/cards/klaw.webp?v=21,https://marvelsnapzone.com/cards/klaw,Ongoing: The location to the right has +6 Power.,5,4,Klaw,anksxoeos5qjgi4oqw,Collection Level 18-214 (Pool 1),pool-1
6,Agent 13,Character,https://marvelsnapzone.com/wp-content/themes/blocksy-child/assets/media/cards/agent-13.webp?v=21,https://marvelsnapzone.com/cards/agent-13,On Reveal: Add a random card to your hand.,1,2,Agent13,fzxv9zzduulzgzf4xo,Collection Level 222-474 (Pool 2),pool-2
32,Bucky Barnes,Character,https://marvelsnapzone.com/wp-content/themes/blocksy-child/assets/media/cards/bucky-barnes.webp?v=21,https://marvelsnapzone.com/cards/bucky-barnes,"When this is destroyed, create the Winter Soldier in its place.",2,1,BuckyBarnes,fzxv9zzduulzgzf4xo,Collection Level 222-474 (Pool 2),pool-2
34,Cable,Character,https://marvelsnapzone.com/wp-content/themes/blocksy-child/assets/media/cards/cable.webp?v=21,https://marvelsnapzone.com/cards/cable,On Reveal: Put the bottom card of your opponent's deck into your hand.,2,2,Cable,fzxv9zzduulzgzf4xo,Collection Level 18-214 (Pool 1),pool-1
37,Carnage,Character,https://marvelsnapzone.com/wp-content/themes/blocksy-child/assets/media/cards/carnage.webp?v=21,https://marvelsnapzone.com/cards/carnage,On Reveal: Destroy your other cards here. +2 Power for each destroyed.,2,2,Carnage,fzxv9zzduulzgzf4xo,Collection Level 18-214 (Pool 1),pool-1
58,Deathlok,Character,https://marvelsnapzone.com/wp-content/themes/blocksy-child/assets/media/cards/deathlok.webp?v=21,https://marvelsnapzone.com/cards/deathlok,On Reveal: Destroy your other cards at this location.,3,5,Deathlok,fzxv9zzduulzgzf4xo,Collection Level 18-214 (Pool 1),pool-1
242,Spider-Woman,Character,https://marvelsnapzone.com/wp-content/themes/blocksy-child/assets/media/cards/spider-woman.webp?v=21,https://marvelsnapzone.com/cards/spider-woman,On Reveal: Afflict all enemy cards here with -1 Power.,5,7,SpiderWoman,fzxv9zzduulzgzf4xo,Collection Level 18-214 (Pool 1),pool-1
76,Elektra,Character,https://marvelsnapzone.com/wp-content/themes/blocksy-child/assets/media/cards/elektra.webp?v=21,https://marvelsnapzone.com/cards/elektra,On Reveal: Destroy a random enemy 1-Cost card at this location.,1,1,Elektra,hakonbdmfy8q1non0i,Collection Level 18-214 (Pool 1),pool-1
143,Mantis,Character,https://marvelsnapzone.com/wp-content/themes/blocksy-child/assets/media/cards/mantis.webp?v=21,https://marvelsnapzone.com/cards/mantis,,1,2,Mantis,hakonbdmfy8q1non0i,Collection Level 18-214 (Pool 1),pool-1
182,Nova,Character,https://marvelsnapzone.com/wp-content/themes/blocksy-child/assets/media/cards/nova.webp?v=21,https://marvelsnapzone.com/cards/nova,"When this is destroyed, give your cards +1 Power.",1,2,Nova,hakonbdmfy8q1non0i,Collection Level 18-214 (Pool 1),pool-1
219,Sentinel,Character,https://marvelsnapzone.com/wp-content/themes/blocksy-child/assets/media/cards/sentinel.webp?v=21,https://marvelsnapzone.com/cards/sentinel,On Reveal: Add another Sentinel to your hand.,2,3,Sentinel,hakonbdmfy8q1non0i,Starter Card,starter-card
261,The Collector,Character,https://marvelsnapzone.com/wp-content/themes/blocksy-child/assets/media/cards/the-collector.webp?v=21,https://marvelsnapzone.com/cards/the-collector,,2,1,TheCollector,hakonbdmfy8q1non0i,Collection Level 222-474 (Pool 2),pool-2
27,Blade,Character,https://marvelsnapzone.com/wp-content/themes/blocksy-child/assets/media/cards/blade.webp?v=21,https://marvelsnapzone.com/cards/blade,On Reveal: Discard a card from your hand.,1,3,Blade,xfu2v20koyasorz9pr,Collection Level 18-214 (Pool 1),pool-1
255,Swarm,Character,https://marvelsnapzone.com/wp-content/themes/blocksy-child/assets/media/cards/swarm.webp?v=21,https://marvelsnapzone.com/cards/swarm,"When this is discarded from your hand, add two copies that Cost 0 to your hand.",2,3,Swarm,xfu2v20koyasorz9pr,Collection Level 222-474 (Pool 2),pool-2
302,Wolverine,Character,https://marvelsnapzone.com/wp-content/themes/blocksy-child/assets/media/cards/wolverine.webp?v=21,https://marvelsnapzone.com/cards/wolverine,"When this is discarded or destroyed, play it at a random location.",2,3,Wolverine,xfu2v20koyasorz9pr,Collection Level 18-214 (Pool 1),pool-1
128,Lady Sif,Character,https://marvelsnapzone.com/wp-content/themes/blocksy-child/assets/media/cards/lady-sif.webp?v=21,https://marvelsnapzone.com/cards/lady-sif,On Reveal: Discard the highest-cost card from your hand.,3,4,LadySif,xfu2v20koyasorz9pr,Collection Level 18-214 (Pool 1),pool-1
212,Sabretooth,Character,https://marvelsnapzone.com/wp-content/themes/blocksy-child/assets/media/cards/sabretooth.webp?v=21,https://marvelsnapzone.com/cards/sabretooth,"When this is destroyed, return it to your hand. It costs 0.",3,4,Sabretooth,xfu2v20koyasorz9pr,Collection Level 222-474 (Pool 2),pool-2
256,Sword Master,Character,https://marvelsnapzone.com/wp-content/themes/blocksy-child/assets/media/cards/sword-master.webp?v=21,https://marvelsnapzone.com/cards/sword-master,On Reveal: Discard a card from your hand.,3,6,SwordMaster,xfu2v20koyasorz9pr,Collection Level 18-214 (Pool 1),pool-1
249,Strong Guy,Character,https://marvelsnapzone.com/wp-content/themes/blocksy-child/assets/media/cards/strong-guy.webp?v=21,https://marvelsnapzone.com/cards/strong-guy,"Ongoing: If your hand is empty, +6 Power.",4,4,StrongGuy,xfu2v20koyasorz9pr,Collection Level 18-214 (Pool 1),pool-1
262,The Hood,Character,https://marvelsnapzone.com/wp-content/themes/blocksy-child/assets/media/cards/the-hood.webp?v=21,https://marvelsnapzone.com/cards/the-hood,On Reveal: Add a Demon to your hand.,1,-2,Hood,xsy781vhgfomchbsmu,Collection Level 486+ (Pool 3),pool-3
90,Green Goblin,Character,https://marvelsnapzone.com/wp-content/themes/blocksy-child/assets/media/cards/green-goblin.webp?v=21,https://marvelsnapzone.com/cards/green-goblin,On Reveal: Your opponent gains control of this.,3,-3,GreenGoblin,xsy781vhgfomchbsmu,Collection Level 486+ (Pool 3),pool-3
209,Rogue,Character,https://marvelsnapzone.com/wp-content/themes/blocksy-child/assets/media/cards/rogue.webp?v=21,https://marvelsnapzone.com/cards/rogue,On Reveal: Steal an Ongoing ability from a random enemy card at this location.,3,1,Rogue,xsy781vhgfomchbsmu,Collection Level 486+ (Pool 3),pool-3
301,Wolfsbane,Character,https://marvelsnapzone.com/wp-content/themes/blocksy-child/assets/media/cards/wolfsbane.webp?v=21,https://marvelsnapzone.com/cards/wolfsbane,On Reveal: +2 Power for each other card you have here.,3,1,Wolfsbane,xsy781vhgfomchbsmu,Collection Level 1-14,collection-level
154,Mister Negative,Character,https://marvelsnapzone.com/wp-content/themes/blocksy-child/assets/media/cards/mister-negative.webp?v=21,https://marvelsnapzone.com/cards/mister-negative,On Reveal: Swap the Power and Cost of all cards in your deck.,4,-1,MrNegative,xsy781vhgfomchbsmu,Collection Level 486+ (Pool 3),pool-3
195,Professor X,Character,https://marvelsnapzone.com/wp-content/themes/blocksy-child/assets/media/cards/professor-x.webp?v=21,https://marvelsnapzone.com/cards/professor-x,"Ongoing: Lock down this location. (Cards can't be added, removed, etc.)",5,3,ProfessorX,xsy781vhgfomchbsmu,Collection Level 18-214 (Pool 1),pool-1
210,Ronan the Accuser,Character,https://marvelsnapzone.com/wp-content/themes/blocksy-child/assets/media/cards/ronan-the-accuser.webp?v=21,https://marvelsnapzone.com/cards/ronan-the-accuser,Ongoing: +2 Power for each card in your opponent's hand.,5,3,Ronan,xsy781vhgfomchbsmu,Collection Level 486+ (Pool 3),pool-3
14,Arnim Zola,Character,https://marvelsnapzone.com/wp-content/themes/blocksy-child/assets/media/cards/arnim-zola.webp?v=21,https://marvelsnapzone.com/cards/arnim-zola,On Reveal: Destroy a random friendly card here. Add copies of it to the other locations.,6,0,ArnimZola,xsy781vhgfomchbsmu,Collection Level 486+ (Pool 3),pool-3
309,Yondu,Character,https://marvelsnapzone.com/wp-content/themes/blocksy-child/assets/media/cards/yondu.webp?v=21,https://marvelsnapzone.com/cards/yondu,On Reveal: Remove the top card of your opponent's deck.,1,2,Yondu,0rwn1rmvxkmtkiv03n7,Collection Level 18-214 (Pool 1),pool-1
10,Angela,Character,https://marvelsnapzone.com/wp-content/themes/blocksy-child/assets/media/cards/angela.webp?v=21,https://marvelsnapzone.com/cards/angela,"When you play a card here, +2 Power.",2,1,Angela,0rwn1rmvxkmtkiv03n7,Collection Level 18-214 (Pool 1),pool-1
21,Bishop,Character,https://marvelsnapzone.com/wp-content/themes/blocksy-child/assets/media/cards/bishop.webp?v=21,https://marvelsnapzone.com/cards/bishop,"When you play a card, this gains +1 Power.",3,1,Bishop,0rwn1rmvxkmtkiv03n7,Collection Level 18-214 (Pool 1),pool-1
117,Ka-Zar,Character,https://marvelsnapzone.com/wp-content/themes/blocksy-child/assets/media/cards/ka-zar.webp?v=21,https://marvelsnapzone.com/cards/ka-zar,Ongoing: Your 1-Cost cards have +1 Power.,4,4,KaZar,0rwn1rmvxkmtkiv03n7,Collection Level 1-14,collection-level
79,Enchantress,Character,https://marvelsnapzone.com/wp-content/themes/blocksy-child/assets/media/cards/enchantress.webp?v=21,https://marvelsnapzone.com/cards/enchantress,On Reveal: Remove the abilities from all Ongoing cards at this location.,4,4,Enchantress,3h06wddyljptdrkpvjs,Collection Level 18-214 (Pool 1),pool-1
104,Iceman,Character,https://marvelsnapzone.com/wp-content/themes/blocksy-child/assets/media/cards/iceman.webp?v=21,https://marvelsnapzone.com/cards/iceman,,1,2,Iceman,55uuxicncacz0d3qfs7,Collection Level 222-474 (Pool 2),pool-2
407,Ant Man,Character,https://marvelsnapzone.com/wp-content/themes/blocksy-child/assets/media/cards/ant-man.webp?v=21,https://marvelsnapzone.com/cards/ant-man,"Ongoing: If you have 3 other cards here, +3 Power.",1,1,AntMan,55uuxicncacz0d3qfs7,Recruit Season,recruit-season
155,Mister Sinister,Character,https://marvelsnapzone.com/wp-content/themes/blocksy-child/assets/media/cards/mister-sinister.webp?v=21,https://marvelsnapzone.com/cards/mister-sinister,On Reveal: Add a Sinister Clone to this location with the same Power.,2,2,MrSinister,55uuxicncacz0d3qfs7,Collection Level 18-214 (Pool 1),pool-1
175,Namor,Character,https://marvelsnapzone.com/wp-content/themes/blocksy-child/assets/media/cards/namor.webp?v=21,https://marvelsnapzone.com/cards/namor,Ongoing: +5 Power if this is your only card here.,4,5,Namor,55uuxicncacz0d3qfs7,Collection Level 18-214 (Pool 1),pool-1
187,Omega Red,Character,https://marvelsnapzone.com/wp-content/themes/blocksy-child/assets/media/cards/omega-red.webp?v=21,https://marvelsnapzone.com/cards/omega-red,"Ongoing: If you're ahead by 10 Power here, +4 Power to other locations.",4,5,OmegaRed,55uuxicncacz0d3qfs7,Collection Level 486+ (Pool 3),pool-3
243,Squirrel,Character,https://marvelsnapzone.com/wp-content/themes/blocksy-child/assets/media/cards/squirrel.webp?v=21,https://marvelsnapzone.com/cards/squirrel,,1,1,Squirrel,656oafwphkm7hm4wgrc,Not Available,not-available
35,Captain America,Character,https://marvelsnapzone.com/wp-content/themes/blocksy-child/assets/media/cards/captain-america.webp?v=21,https://marvelsnapzone.com/cards/captain-america,Ongoing: Your other cards at this location have +1 Power.,3,3,CaptainAmerica,656oafwphkm7hm4wgrc,Collection Level 18-214 (Pool 1),pool-1
110,Jean Grey,Character,https://marvelsnapzone.com/wp-content/themes/blocksy-child/assets/media/cards/jean-grey.webp?v=21,https://marvelsnapzone.com/cards/jean-grey,"On Reveal: The next card your opponent plays must be played here, if possible.",3,3,JeanGrey,656oafwphkm7hm4wgrc,Not Available,not-available
205,Rhino,Character,https://marvelsnapzone.com/wp-content/themes/blocksy-child/assets/media/cards/rhino.webp?v=21,https://marvelsnapzone.com/cards/rhino,On Reveal: Ruin this location. (remove its ability),3,3,Rhino,656oafwphkm7hm4wgrc,Collection Level 222-474 (Pool 2),pool-2
116,Kang,Character,https://marvelsnapzone.com/wp-content/themes/blocksy-child/assets/media/cards/kang.webp?v=21,https://marvelsnapzone.com/cards/kang,,5,0,Kang,656oafwphkm7hm4wgrc,Not Available,not-available
298,White Tiger,Character,https://marvelsnapzone.com/wp-content/themes/blocksy-child/assets/media/cards/white-tiger.webp?v=21,https://marvelsnapzone.com/cards/white-tiger,On Reveal: Add a 7-Power Tiger to another location.,5,1,WhiteTiger,656oafwphkm7hm4wgrc,Collection Level 1-14,collection-level
124,Korg,Character,https://marvelsnapzone.com/wp-content/themes/blocksy-child/assets/media/cards/korg.webp?v=21,https://marvelsnapzone.com/cards/korg,On Reveal: Shuffle a Rock into your opponent's deck.,1,2,Korg,8f26sp8t0sf3hwqccza,Collection Level 18-214 (Pool 1),pool-1
12,Apocalypse,Character,https://marvelsnapzone.com/wp-content/themes/blocksy-child/assets/media/cards/apocalypse.webp?v=21,https://marvelsnapzone.com/cards/apocalypse,"When you discard this from your hand, put it back with +4 Power.",6,8,Apocalypse,8f26sp8t0sf3hwqccza,Collection Level 18-214 (Pool 1),pool-1
144,Maria Hill,Character,https://marvelsnapzone.com/wp-content/themes/blocksy-child/assets/media/cards/maria-hill.webp?v=21,https://marvelsnapzone.com/cards/maria-hill,On Reveal: Add a random 1-Cost card to your hand.,2,3,MariaHill,8mtylsilhvbg50qxdoc,Rare - Collection Level 486+ (Pool 4),pool-4
193,Polaris,Character,https://marvelsnapzone.com/wp-content/themes/blocksy-child/assets/media/cards/polaris.webp?v=21,https://marvelsnapzone.com/cards/polaris,On Reveal: Move an opposing 1 or 2-Cost card to this location.,3,5,Polaris,8mtylsilhvbg50qxdoc,Collection Level 486+ (Pool 3),pool-3
250,Stryfe,Character,https://marvelsnapzone.com/wp-content/themes/blocksy-child/assets/media/cards/stryfe.webp?v=21,https://marvelsnapzone.com/cards/stryfe,"If your opponent has 12+ Power here at the end of any turn, destroy this.",3,7,Stryfe,8mtylsilhvbg50qxdoc,Not Available,not-available
291,Warpath,Character,https://marvelsnapzone.com/wp-content/themes/blocksy-child/assets/media/cards/warpath.webp?v=21,https://marvelsnapzone.com/cards/warpath,"Ongoing: If any of your locations are empty, +4 Power.",4,5,Warpath,8mtylsilhvbg50qxdoc,Collection Level 222-474 (Pool 2),pool-2
80,Falcon,Character,https://marvelsnapzone.com/wp-content/themes/blocksy-child/assets/media/cards/falcon.webp?v=21,https://marvelsnapzone.com/cards/falcon,On Reveal: Return your 1-Cost cards to your hand.,2,3,Falcon,cxn234q6xqa1sx4coud,Collection Level 486+ (Pool 3),pool-3
173,Mystique,Character,https://marvelsnapzone.com/wp-content/themes/blocksy-child/assets/media/cards/mystique.webp?v=21,https://marvelsnapzone.com/cards/mystique,"On Reveal: If the last card you played has an Ongoing ability, this card gains it.",3,0,Mystique,cxn234q6xqa1sx4coud,Collection Level 486+ (Pool 3),pool-3
171,Mysterio,Character,https://marvelsnapzone.com/wp-content/themes/blocksy-child/assets/media/cards/mysterio.webp?v=21,https://marvelsnapzone.com/cards/mysterio,"As you play this, play Illusions to other locations. Disguise this as an Illusion until the game ends.",2,5,Mysterio,ezu9uhz4a7hclkstiqh,Collection Level 486+ (Pool 3),pool-3
100,Hobgoblin,Character,https://marvelsnapzone.com/wp-content/themes/blocksy-child/assets/media/cards/hobgoblin.webp?v=21,https://marvelsnapzone.com/cards/hobgoblin,On Reveal: Your opponent gains control of this.,5,-8,Hobgoblin,hbvzbhe3dq29mec6qqo,Collection Level 222-474 (Pool 2),pool-2
44,Cosmo,Character,https://marvelsnapzone.com/wp-content/themes/blocksy-child/assets/media/cards/cosmo.webp?v=21,https://marvelsnapzone.com/cards/cosmo,Ongoing: On Reveal abilities won't happen at this location.,3,3,Cosmo,kxkvivbw1twkpvuhmgq,Collection Level 18-214 (Pool 1),pool-1
247,Storm,Character,https://marvelsnapzone.com/wp-content/themes/blocksy-child/assets/media/cards/storm.webp?v=21,https://marvelsnapzone.com/cards/storm,On Reveal: Flood this location. Next turn is the last turn cards can be played here.,3,2,Storm,kxkvivbw1twkpvuhmgq,Collection Level 222-474 (Pool 2),pool-2
224,Shang-Chi,Character,https://marvelsnapzone.com/wp-content/themes/blocksy-child/assets/media/cards/shang-chi.webp?v=21,https://marvelsnapzone.com/cards/shang-chi,On Reveal: Destroy all enemy cards at this location that have 9 or more Power.,4,3,ShangChi,kxkvivbw1twkpvuhmgq,Collection Level 222-474 (Pool 2),pool-2
244,Squirrel Girl,Character,https://marvelsnapzone.com/wp-content/themes/blocksy-child/assets/media/cards/squirrel-girl.webp?v=21,https://marvelsnapzone.com/cards/squirrel-girl,On Reveal: Add a 1-Power Squirrel to each other location.,1,1,SquirrelGirl,pjvuz9ljxwkgic9z9wp,Collection Level 18-214 (Pool 1),pool-1
113,Juggernaut,Character,https://marvelsnapzone.com/wp-content/themes/blocksy-child/assets/media/cards/juggernaut.webp?v=21,https://marvelsnapzone.com/cards/juggernaut,"On Reveal: If your opponent played cards here this turn, move them randomly.",3,3,Juggernaut,t1hiakvlxvwskfedni9,Collection Level 486+ (Pool 3),pool-3
240,Spider-Man,Character,https://marvelsnapzone.com/wp-content/themes/blocksy-child/assets/media/cards/spider-man.webp?v=21,https://marvelsnapzone.com/cards/spider-man,On Reveal: Your opponent canâ€™t play cards at this location next turn.,4,3,SpiderMan,t1hiakvlxvwskfedni9,Collection Level 486+ (Pool 3),pool-3
169,Multiple Man,Character,https://marvelsnapzone.com/wp-content/themes/blocksy-child/assets/media/cards/multiple-man.webp?v=21,https://marvelsnapzone.com/cards/multiple-man,"When this moves, add a copy to the old location.",2,3,MultipleMan,uj85ojexjgp7z7tm3cj,Collection Level 18-214 (Pool 1),pool-1
66,Doctor Strange,Character,https://marvelsnapzone.com/wp-content/themes/blocksy-child/assets/media/cards/doctor-strange.webp?v=21,https://marvelsnapzone.com/cards/doctor-strange,On Reveal: Move your highest Power cards to this location.,3,3,DoctorStrange,uj85ojexjgp7z7tm3cj,Collection Level 18-214 (Pool 1),pool-1
102,Hulkbuster,Character,https://marvelsnapzone.com/wp-content/themes/blocksy-child/assets/media/cards/hulk-buster.webp?v=21,https://marvelsnapzone.com/cards/hulkbuster,On Reveal: Merge this card with a random friendly card at this location.,3,4,Hulkbuster,uj85ojexjgp7z7tm3cj,Collection Level 18-214 (Pool 1),pool-1
287,Vulture,Character,https://marvelsnapzone.com/wp-content/themes/blocksy-child/assets/media/cards/vulture.webp?v=21,https://marvelsnapzone.com/cards/vulture,"When this card moves, +5 Power.",3,3,Vulture,uj85ojexjgp7z7tm3cj,Collection Level 222-474 (Pool 2),pool-2
95,Heimdall,Character,https://marvelsnapzone.com/wp-content/themes/blocksy-child/assets/media/cards/heimdall.webp?v=21,https://marvelsnapzone.com/cards/heimdall,On Reveal: Move your other cards one location to the left.,6,8,Heimdall,uj85ojexjgp7z7tm3cj,Collection Level 18-214 (Pool 1),pool-1
9,Angel,Character,https://marvelsnapzone.com/wp-content/themes/blocksy-child/assets/media/cards/angel.webp?v=21,https://marvelsnapzone.com/cards/angel,"When one of your cards is destroyed, this flies out of your deck to replace it.",1,2,Angel,vaniynbd17bog7axl5f,Collection Level 18-214 (Pool 1),pool-1
299,Widow's Bite,Summon,https://marvelsnapzone.com/wp-content/themes/blocksy-child/assets/media/cards/widows-bite.webp?v=21,https://marvelsnapzone.com/cards/widows-bite,"While this is in your hand, cards in your deck cannot be drawn.",0,0,Food4ThoughtByDeathsie,vaniynbd17bog7axl5f,Not Available,not-available
42,Colleen Wing,Character,https://marvelsnapzone.com/wp-content/themes/blocksy-child/assets/media/cards/colleen-wing.webp?v=21,https://marvelsnapzone.com/cards/colleen-wing,On Reveal: Discard the lowest-cost card from your hand.,2,4,ColleenWing,xqvi9utaeetbhlslx8r,Collection Level 486+ (Pool 3),pool-3
253,Super-Skrull,Character,https://marvelsnapzone.com/wp-content/themes/blocksy-child/assets/media/cards/super-skrull.webp?v=21,https://marvelsnapzone.com/cards/super-skrull,Ongoing: Has the Ongoing effects of all enemy cards.,4,2,SuperSkrull,xqvi9utaeetbhlslx8r,Ultra Rare - Collection Level 486+ (Pool 5),pool-5
82,Galactus,Character,https://marvelsnapzone.com/wp-content/themes/blocksy-child/assets/media/cards/galactus.webp?v=21,https://marvelsnapzone.com/cards/galactus,"On Reveal: If this is your only card here, destroy all other locations.",6,3,Galactus,xqvi9utaeetbhlslx8r,Ultra Rare - Collection Level 486+ (Pool 5),pool-5
127,Lady Deathstrike,Character,https://marvelsnapzone.com/wp-content/themes/blocksy-child/assets/media/cards/lady-deathstrike.webp?v=21,https://marvelsnapzone.com/cards/lady-deathstrike,On Reveal: Destroy the enemy card with the highest Power at this location.,6,4,LadyDeathstrike,xqvi9utaeetbhlslx8r,Not Available,not-available
188,Onslaught,Character,https://marvelsnapzone.com/wp-content/themes/blocksy-child/assets/media/cards/onslaught.webp?v=21,https://marvelsnapzone.com/cards/onslaught,Ongoing: Double your other Ongoing effects at this location.,6,7,Onslaught,37jdm9bonmswzlhsfse8,Collection Level 18-214 (Pool 1),pool-1
69,Dracula,Character,https://marvelsnapzone.com/wp-content/themes/blocksy-child/assets/media/cards/dracula.webp?v=21,https://marvelsnapzone.com/cards/dracula,"At the end of the game, discard a card from your hand. This has its Power.",4,0,Dracula,95m6tmc39mvdbc2se7iq,Collection Level 486+ (Pool 3),pool-3
142,Makkari,Character,https://marvelsnapzone.com/wp-content/themes/blocksy-child/assets/media/cards/makkari.webp?v=21,https://marvelsnapzone.com/cards/makkari,"When you draw this, place it at a random location.",0,2,MarvelPolice,begsbc7teedzgr5jmh7p,,
103,Human Torch,Character,https://marvelsnapzone.com/wp-content/themes/blocksy-child/assets/media/cards/human-torch.webp?v=21,https://marvelsnapzone.com/cards/human-torch,"When this moves, double its Power.",1,2,HumanTorch,begsbc7teedzgr5jmh7p,Collection Level 486+ (Pool 3),pool-3
222,Shadow King,Character,https://marvelsnapzone.com/wp-content/themes/blocksy-child/assets/media/cards/shadow-king.webp?v=21,https://marvelsnapzone.com/cards/shadow-king,On Reveal: Destroy all other cards that have 2 or less Power.,6,4,ShadowKing,begsbc7teedzgr5jmh7p,Not Available,not-available
26,Black Widow,Character,https://marvelsnapzone.com/wp-content/themes/blocksy-child/assets/media/cards/black-widow.webp?v=21,https://marvelsnapzone.com/cards/black-widow,On Reveal: Add a Widow's Bite to your opponent's hand.,2,1,BlackWidow,bmuuq4jffkdo51karaho,Collection Level 486+ (Pool 3),pool-3
164,Moon Knight,Character,https://marvelsnapzone.com/wp-content/themes/blocksy-child/assets/media/cards/moon-knight.webp?v=21,https://marvelsnapzone.com/cards/moon-knight,On Reveal: Discard a card from each player's hand.,3,3,MoonKnight,bxlbf8na6xfnrsazkdez,Collection Level 486+ (Pool 3),pool-3
85,Ghost Rider,Character,https://marvelsnapzone.com/wp-content/themes/blocksy-child/assets/media/cards/ghost-rider.webp?v=21,https://marvelsnapzone.com/cards/ghost-rider,On Reveal: Bring back one of your discarded cards to this location.,4,3,GhostRider,bxlbf8na6xfnrsazkdez,Collection Level 486+ (Pool 3),pool-3
97,Hellcow,Character,https://marvelsnapzone.com/wp-content/themes/blocksy-child/assets/media/cards/hellcow.webp?v=21,https://marvelsnapzone.com/cards/hellcow,On Reveal: Discard 2 cards from your hand.,4,6,Hellcow,bxlbf8na6xfnrsazkdez,Collection Level 486+ (Pool 3),pool-3
96,Hela,Character,https://marvelsnapzone.com/wp-content/themes/blocksy-child/assets/media/cards/hela.webp?v=21,https://marvelsnapzone.com/cards/hela,On Reveal: Play all cards you discarded from your hand to random locations.,6,6,Hela,bxlbf8na6xfnrsazkdez,Collection Level 486+ (Pool 3),pool-3
198,Quicksilver,Character,https://marvelsnapzone.com/wp-content/themes/blocksy-child/assets/media/cards/quicksilver.webp?v=21,https://marvelsnapzone.com/cards/quicksilver,Starts in your opening hand.,1,2,Quicksilver,ho2f3lwjn43cctrg0esj,Starter Card,starter-card
135,Lockjaw,Character,https://marvelsnapzone.com/wp-content/themes/blocksy-child/assets/media/cards/lockjaw.webp?v=21,https://marvelsnapzone.com/cards/lockjaw,"When you play a card here, swap it with a card in your deck.",3,2,Lockjaw,ho2f3lwjn43cctrg0esj,Collection Level 486+ (Pool 3),pool-3
64,Doctor Doom,Character,https://marvelsnapzone.com/wp-content/themes/blocksy-child/assets/media/cards/doctor-doom.webp?v=21,https://marvelsnapzone.com/cards/doctor-doom,On Reveal: Add a 5-Power DoomBot to each other location.,6,5,DrDoom,ho2f3lwjn43cctrg0esj,Collection Level 486+ (Pool 3),pool-3
87,Giganto,Character,https://marvelsnapzone.com/wp-content/themes/blocksy-child/assets/media/cards/giganto.webp?v=21,https://marvelsnapzone.com/cards/giganto,You can only play this at the left location.,6,14,Giganto,ho2f3lwjn43cctrg0esj,Collection Level 486+ (Pool 3),pool-3
141,Magneto,Character,https://marvelsnapzone.com/wp-content/themes/blocksy-child/assets/media/cards/magneto.webp?v=21,https://marvelsnapzone.com/cards/magneto,On Reveal: Move all opposing 3 and 4-Cost cards to this location.,6,12,Magneto,ho2f3lwjn43cctrg0esj,Collection Level 486+ (Pool 3),pool-3
81,Forge,Character,https://marvelsnapzone.com/wp-content/themes/blocksy-child/assets/media/cards/forge.webp?v=21,https://marvelsnapzone.com/cards/forge,On Reveal: Give the next card you play +2 Power.,2,1,Forge,hynhak419xfuisrsr5xw,Collection Level 18-214 (Pool 1),pool-1
31,Brood,Character,https://marvelsnapzone.com/wp-content/themes/blocksy-child/assets/media/cards/brood.webp?v=21,https://marvelsnapzone.com/cards/brood,On Reveal: Add 2 Broodlings to this location with the same Power.,3,2,Brood,hynhak419xfuisrsr5xw,Collection Level 486+ (Pool 3),pool-3
174,Nakia,Character,https://marvelsnapzone.com/wp-content/themes/blocksy-child/assets/media/cards/nakia.webp?v=21,https://marvelsnapzone.com/cards/nakia,On Reveal: Give the 2 leftmost cards in your hand +2 Power.,3,1,Nakia,hynhak419xfuisrsr5xw,Collection Level 222-474 (Pool 2),pool-2
3,Adam Warlock,Character,https://marvelsnapzone.com/wp-content/themes/blocksy-child/assets/media/cards/adam-warlock.webp?v=21,https://marvelsnapzone.com/cards/adam-warlock,"At the end of each turn, if you are winning this location, draw a card.",2,0,AdamWarlock,jpybrn9sr6uo7p88qhnv,Collection Level 486+ (Pool 3),pool-3
18,Baron Mordo,Character,https://marvelsnapzone.com/wp-content/themes/blocksy-child/assets/media/cards/baron-mordo.webp?v=21,https://marvelsnapzone.com/cards/baron-mordo,On Reveal: Your opponent draws a card. Set its Cost to 6.,2,3,BaronMordo,jpybrn9sr6uo7p88qhnv,Collection Level 486+ (Pool 3),pool-3
7,Agent Coulson,Character,https://marvelsnapzone.com/wp-content/themes/blocksy-child/assets/media/cards/agent-coulson.webp?v=21,https://marvelsnapzone.com/cards/agent-coulson,On Reveal: Add a random 4-cost and 5-cost card to your hand.,3,4,AgentCoulson,jpybrn9sr6uo7p88qhnv,Rare - Collection Level 486+ (Pool 4),pool-4
23,Black Cat,Character,https://marvelsnapzone.com/wp-content/themes/blocksy-child/assets/media/cards/black-cat.webp?v=21,https://marvelsnapzone.com/cards/black-cat,"If this is in your hand at the end of your turn, discard it.",3,6,BlackCat,jpybrn9sr6uo7p88qhnv,Collection Level 486+ (Pool 3),pool-3
2,Absorbing Man,Character,https://marvelsnapzone.com/wp-content/themes/blocksy-child/assets/media/cards/absorbing-man.webp?v=21,https://marvelsnapzone.com/cards/absorbing-man,"On Reveal: If the last card you played has an On Reveal ability, this card copies it.",4,3,AbsorbingMan,jpybrn9sr6uo7p88qhnv,Rare - Collection Level 486+ (Pool 4),pool-4
4,Aero,Character,https://marvelsnapzone.com/wp-content/themes/blocksy-child/assets/media/cards/aero.webp?v=21,https://marvelsnapzone.com/cards/aero,On Reveal: Move all enemy cards played this turn to this location.,5,8,Aero,jpybrn9sr6uo7p88qhnv,Collection Level 486+ (Pool 3),pool-3
5,Agatha Harkness,Character,https://marvelsnapzone.com/wp-content/themes/blocksy-child/assets/media/cards/agatha-harkness.webp?v=21,https://marvelsnapzone.com/cards/agatha-harkness,Agatha starts in your hand and plays your cards for you.,6,14,AgathaHarkness,jpybrn9sr6uo7p88qhnv,Collection Level 486+ (Pool 3),pool-3
93,Hawkeye,Character,https://marvelsnapzone.com/wp-content/themes/blocksy-child/assets/media/cards/hawkeye.webp?v=21,https://marvelsnapzone.com/cards/hawkeye,"On Reveal: If you play a card here next turn, +2 Power.",1,1,Hawkeye,kxqqwuqrgen6jkud0zyp,Starter Card,starter-card
411,Punisher,Character,https://marvelsnapzone.com/wp-content/themes/blocksy-child/assets/media/cards/punisher.webp?v=21,https://marvelsnapzone.com/cards/punisher,Ongoing: +1 Power for each opposing card at this location.,3,2,Punisher,kxqqwuqrgen6jkud0zyp,Starter Card,starter-card
165,Morbius,Character,https://marvelsnapzone.com/wp-content/themes/blocksy-child/assets/media/cards/morbius.webp?v=21,https://marvelsnapzone.com/cards/morbius,Ongoing: +2 Power for each time you discarded a card this game.,2,0,Morbius,m8g8funl0qpxa4yoxtgf,Collection Level 222-474 (Pool 2),pool-2
83,Gambit,Character,https://marvelsnapzone.com/wp-content/themes/blocksy-child/assets/media/cards/gambit.webp?v=21,https://marvelsnapzone.com/cards/gambit,On Reveal: Discard a card from your hand. Destroy a random enemy card.,3,1,Gambit,m8g8funl0qpxa4yoxtgf,Collection Level 486+ (Pool 3),pool-3
218,Scorpion,Character,https://marvelsnapzone.com/wp-content/themes/blocksy-child/assets/media/cards/scorpion.webp?v=21,https://marvelsnapzone.com/cards/scorpion,On Reveal: Afflict cards in your opponent's hand with -1 Power.,2,2,Scorpion,qvqazxucpudcxzsfkrko,Collection Level 222-474 (Pool 2),pool-2
94,Hazmat,Character,https://marvelsnapzone.com/wp-content/themes/blocksy-child/assets/media/cards/hazmat.webp?v=21,https://marvelsnapzone.com/cards/hazmat,On Reveal: Afflict all other cards with -1 Power.,2,1,Hazmat,xlbcnkqth4ywpqv8d6wz,Collection Level 486+ (Pool 3),pool-3
105,Invisible Woman,Character,https://marvelsnapzone.com/wp-content/themes/blocksy-child/assets/media/cards/invisible-woman.webp?v=21,https://marvelsnapzone.com/cards/invisible-woman,Ongoing: Cards you play here are not revealed until the game ends.,2,2,InvisibleWoman,xlbcnkqth4ywpqv8d6wz,Collection Level 486+ (Pool 3),pool-3
285,Viper,Character,https://marvelsnapzone.com/wp-content/themes/blocksy-child/assets/media/cards/viper.webp?v=21,https://marvelsnapzone.com/cards/viper,On Reveal: Your opponent gains control of one of your other cards at this location.,2,3,Viper,xlbcnkqth4ywpqv8d6wz,Collection Level 486+ (Pool 3),pool-3
57,Death,Character,https://marvelsnapzone.com/wp-content/themes/blocksy-child/assets/media/cards/death.webp?v=21,https://marvelsnapzone.com/cards/death,Costs 1 less for each card destroyed this game.,9,12,Death,xrgrj7sm9chhbbfodnz0,Collection Level 486+ (Pool 3),pool-3
49,Dagger,Character,https://marvelsnapzone.com/wp-content/themes/blocksy-child/assets/media/cards/dagger.webp?v=21,https://marvelsnapzone.com/cards/dagger,"When this moves to a location, +2 Power for each card your opponent has there.",2,1,Dagger,ydcuceas86eyyidiq0ng,Collection Level 486+ (Pool 3),pool-3
125,Kraven,Character,https://marvelsnapzone.com/wp-content/themes/blocksy-child/assets/media/cards/kraven.webp?v=21,https://marvelsnapzone.com/cards/kraven,"When a card moves here, this gets +2 Power.",2,2,Kraven,ydcuceas86eyyidiq0ng,Collection Level 18-214 (Pool 1),pool-1
286,Vision,Character,https://marvelsnapzone.com/wp-content/themes/blocksy-child/assets/media/cards/vision.webp?v=21,https://marvelsnapzone.com/cards/vision,You can move this each turn.,5,7,Vision,ydcuceas86eyyidiq0ng,Collection Level 222-474 (Pool 2),pool-2
77,Elsa Bloodstone,Character,https://marvelsnapzone.com/wp-content/themes/blocksy-child/assets/media/cards/elsa-bloodstone.webp?v=21,https://marvelsnapzone.com/cards/elsa-bloodstone,"At the end of each turn, if you are winning this location, +1 Power.",1,1,ElsaBloodstone,7fgt9r8fhcxvrkhnoch,Not Available,not-available
277,Titania,Character,https://marvelsnapzone.com/wp-content/themes/blocksy-child/assets/media/cards/titania.webp?v=21,https://marvelsnapzone.com/cards/titania,"When ANY card is played at this location, this card switches sides.",1,5,Titania,7fgt9r8fhcxvrkhnoch,Rare - Collection Level 486+ (Pool 4),pool-4
158,Mojo,Character,https://marvelsnapzone.com/wp-content/themes/blocksy-child/assets/media/cards/mojo.webp?v=21,https://marvelsnapzone.com/cards/mojo,"Ongoing: If both players have 4 cards at this location, +6 Power.",2,2,Mojo,7fgt9r8fhcxvrkhnoch,Collection Level 486+ (Pool 3),pool-3
230,Silver Sable,Character,https://marvelsnapzone.com/wp-content/themes/blocksy-child/assets/media/cards/silver-sable.webp?v=21,https://marvelsnapzone.com/cards/silver-sable,You can only play this at a location where you have 6+ total Power.,2,6,SilverSable,7fgt9r8fhcxvrkhnoch,Not Available,not-available
220,Sentry,Character,https://marvelsnapzone.com/wp-content/themes/blocksy-child/assets/media/cards/sentry.webp?v=21,https://marvelsnapzone.com/cards/sentry,Cannot be played at the right location. On Reveal: Add a -8 Power Void to the right location.,4,8,Sentry,7fgt9r8fhcxvrkhnoch,Not Available,not-available
315,Miles Morales,Character,https://marvelsnapzone.com/wp-content/themes/blocksy-child/assets/media/cards/miles-morales.webp?v=21,https://marvelsnapzone.com/cards/miles-morales,"If a card moved last turn, this costs 1.",4,5,MilesMorales,7fgt9r8fhcxvrkhnoch,Season Pass,season-pass
65,Doctor Octopus,Character,https://marvelsnapzone.com/wp-content/themes/blocksy-child/assets/media/cards/doctor-octopus.webp?v=21,https://marvelsnapzone.com/cards/doctor-octopus,On Reveal: Pull 4 random cards from your opponent's hand to their side of this location.,5,10,DoctorOctopus,7fgt9r8fhcxvrkhnoch,Collection Level 486+ (Pool 3),pool-3
24,Black Knight,Character,https://marvelsnapzone.com/wp-content/themes/blocksy-child/assets/media/cards/black-knight.webp?v=21,https://marvelsnapzone.com/cards/black-knight,"When this is destroyed, draw a card.",1,2,BlackKnight,zjfjkuhugqpzves71pqe,Not Available,not-available
33,Bullseye,Character,https://marvelsnapzone.com/wp-content/themes/blocksy-child/assets/media/cards/bullseye.webp?v=21,https://marvelsnapzone.com/cards/bullseye,,1,2,Bullseye,zjfjkuhugqpzves71pqe,Not Available,not-available
56,Deadpool,Character,https://marvelsnapzone.com/wp-content/themes/blocksy-child/assets/media/cards/deadpool.webp?v=21,https://marvelsnapzone.com/cards/deadpool,"When this is destroyed, return it to your hand with double the Power.",1,1,Deadpool,zjfjkuhugqpzves71pqe,Collection Level 486+ (Pool 3),pool-3
290,War Machine,Character,https://marvelsnapzone.com/wp-content/themes/blocksy-child/assets/media/cards/war-machine.webp?v=21,https://marvelsnapzone.com/cards/war-machine,Ongoing: Your 1-Cost cards have +1 Power.,4,5,WarMachine,zjfjkuhugqpzves71pqe,Not Available,not-available
258,Thanos,Character,https://marvelsnapzone.com/wp-content/themes/blocksy-child/assets/media/cards/thanos.webp?v=21,https://marvelsnapzone.com/cards/thanos,"At the start of the game, shuffle the six Infinity Stones into your deck.",6,8,Thanos,zjfjkuhugqpzves71pqe,Ultra Rare - Collection Level 486+ (Pool 5),pool-5
20,Beast,Character,https://marvelsnapzone.com/wp-content/themes/blocksy-child/assets/media/cards/beast.webp?v=21,https://marvelsnapzone.com/cards/beast,On Reveal: Return your other cards at this location to your hand. They cost 1 less.,2,2,Beast,xthnren3xihkp4ygmbru,Collection Level 486+ (Pool 3),pool-3
1,Abomination,Character,https://marvelsnapzone.com/wp-content/themes/blocksy-child/assets/media/cards/abomination.webp?v=21,https://marvelsnapzone.com/cards/abomination,,5,9,Abomination,xthnren3xihkp4ygmbru,Starter Card,starter-card
293,Wasp,Character,https://marvelsnapzone.com/wp-content/themes/blocksy-child/assets/media/cards/wasp.webp?v=21,https://marvelsnapzone.com/cards/wasp,,0,1,Wasp,lpccuykocijehpvjllko,Collection Level 486+ (Pool 3),pool-3
118,Killmonger,Character,https://marvelsnapzone.com/wp-content/themes/blocksy-child/assets/media/cards/killmonger.webp?v=21,https://marvelsnapzone.com/cards/killmonger,On Reveal: Destroy ALL 1-Cost cards.,3,3,Killmonger,lpccuykocijehpvjllko,Collection Level 222-474 (Pool 2),pool-2
140,Magik,Character,https://marvelsnapzone.com/wp-content/themes/blocksy-child/assets/media/cards/magik.webp?v=21,https://marvelsnapzone.com/cards/magik,You can't play this on turn 6. On Reveal: Change this location to 'Limbo'.,5,3,Magik,qcmfjozw0ve4idpywsu,Collection Level 486+ (Pool 3),pool-3
303,Wong,Character,https://marvelsnapzone.com/wp-content/themes/blocksy-child/assets/media/cards/wong.webp?v=21,https://marvelsnapzone.com/cards/wong,Ongoing: Your On Reveal abilities at this location happen twice.,4,2,Wong,ocia5ywertc9drhk17ne,Collection Level 486+ (Pool 3),pool-3
208,Rockslide,Character,https://marvelsnapzone.com/wp-content/themes/blocksy-child/assets/media/cards/rockslide.webp?v=21,https://marvelsnapzone.com/cards/rockslide,On Reveal: Shuffle 2 Rocks into your opponent's deck.,4,6,Rockslide,zwtembpntsttdzguvyp,Collection Level 486+ (Pool 3),pool-3
221,Sera,Character,https://marvelsnapzone.com/wp-content/themes/blocksy-child/assets/media/cards/sera.webp?v=21,https://marvelsnapzone.com/cards/sera,Ongoing: Cards in your hand cost 1 less. (minimum 1),5,5,Sera,ajbu9ifqmrngvqbgfllk,Collection Level 486+ (Pool 3),pool-3
311,Zero,Character,https://marvelsnapzone.com/wp-content/themes/blocksy-child/assets/media/cards/zero.webp?v=21,https://marvelsnapzone.com/cards/zero,On Reveal: Remove the abilities on the next card you play.,1,3,Zero,ds9twjdovxq6ru5ojg,Collection Level 486+ (Pool 3),pool-3
59,Debrii,Character,https://marvelsnapzone.com/wp-content/themes/blocksy-child/assets/media/cards/debrii.webp?v=21,https://marvelsnapzone.com/cards/debrii,"On Reveal: Add a Rock to each other location, for both players.",3,3,Debrii,ds9twjdovxq6ru5ojg,Collection Level 486+ (Pool 3),pool-3
191,Patriot,Character,https://marvelsnapzone.com/wp-content/themes/blocksy-child/assets/media/cards/patriot.webp?v=21,https://marvelsnapzone.com/cards/patriot,Ongoing: Your cards with no abilities have +2 Power.,3,1,Patriot,ds9twjdovxq6ru5ojg,Collection Level 486+ (Pool 3),pool-3
203,Red Skull,Character,https://marvelsnapzone.com/wp-content/themes/blocksy-child/assets/media/cards/red-skull.webp?v=21,https://marvelsnapzone.com/cards/red-skull,Ongoing: Enemy cards at this location have +2 Power.,5,15,RedSkull,ulo5a7xjeem0cnvhz7e,Collection Level 486+ (Pool 3),pool-3
280,Uatu the Watcher,Character,https://marvelsnapzone.com/wp-content/themes/blocksy-child/assets/media/cards/uatu-the-watcher.webp?v=21,https://marvelsnapzone.com/cards/uatu-the-watcher,"Once this is in your hand, you can see the unrevealed locations.",1,2,Uatu,enokdev1tdvbxkpbdu9l,Collection Level 18-214 (Pool 1),pool-1
284,Venom,Character,https://marvelsnapzone.com/wp-content/themes/blocksy-child/assets/media/cards/venom.webp?v=21,https://marvelsnapzone.com/cards/venom,On Reveal: Destroy your other cards at this location. Add their Power to this card.,3,1,Venom,7oubzrxknva8dhjunzv,Collection Level 486+ (Pool 3),pool-3
408,Jane Foster Mighty Thor,Character,https://marvelsnapzone.com/wp-content/themes/blocksy-child/assets/media/cards/jane-foster-mighty-thor.webp?v=21,https://marvelsnapzone.com/cards/jane-foster-mighty-thor,On Reveal: Draw all cards that Cost 0 from your deck.,5,8,JaneFoster,7oubzrxknva8dhjunzv,Collection Level 486+ (Pool 3),pool-3
231,Silver Samurai,Character,https://marvelsnapzone.com/wp-content/themes/blocksy-child/assets/media/cards/silver-samurai.webp?v=21,https://marvelsnapzone.com/cards/silver-samurai,"When this is discarded from your hand, draw a card.",1,2,DiscardAndDestroy,sut5for71nfncbuizt1x,,
310,Zabu,Character,https://marvelsnapzone.com/wp-content/themes/blocksy-child/assets/media/cards/zabu.webp?v=21,https://marvelsnapzone.com/cards/zabu,,3,2,Zabu,sut5for71nfncbuizt1x,Not Available,not-available
67,Domino,Character,https://marvelsnapzone.com/wp-content/themes/blocksy-child/assets/media/cards/domino.webp?v=21,https://marvelsnapzone.com/cards/domino,"You always draw this card on turn 2, and not before.",2,3,Domino,dlgzghxvzhddhqxkk4k,Collection Level 18-214 (Pool 1),pool-1
176,Nebula,Character,https://marvelsnapzone.com/wp-content/themes/blocksy-child/assets/media/cards/nebula.webp?v=21,https://marvelsnapzone.com/cards/nebula,"On Reveal: If your opponent played a card here this turn, x2 Power and put this in your hand.",1,1,Nebula,cwa4usbmkyhyc8u2lezc,Not Available,not-available
91,Groot,Character,https://marvelsnapzone.com/wp-content/themes/blocksy-child/assets/media/cards/groot.webp?v=21,https://marvelsnapzone.com/cards/groot,"On Reveal: If your opponent played a card here this turn, +3 Power.",3,3,Groot,cwa4usbmkyhyc8u2lezc,Collection Level 18-214 (Pool 1),pool-1
70,Drax,Character,https://marvelsnapzone.com/wp-content/themes/blocksy-child/assets/media/cards/drax.webp?v=21,https://marvelsnapzone.com/cards/drax,"On Reveal: If your opponent played a card here this turn, +4 Power.",4,4,Drax,cwa4usbmkyhyc8u2lezc,Collection Level 486+ (Pool 3),pool-3
156,Misty Knight,Character,https://marvelsnapzone.com/wp-content/themes/blocksy-child/assets/media/cards/misty-knight.webp?v=21,https://marvelsnapzone.com/cards/misty-knight,,1,2,MistyKnight,qurzcerrf9d75squnrz7,Starter Card,starter-card
227,Shocker,Character,https://marvelsnapzone.com/wp-content/themes/blocksy-child/assets/media/cards/shocker.webp?v=21,https://marvelsnapzone.com/cards/shocker,,2,3,Shocker,qurzcerrf9d75squnrz7,Starter Card,starter-card
48,Cyclops,Character,https://marvelsnapzone.com/wp-content/themes/blocksy-child/assets/media/cards/cyclops.webp?v=21,https://marvelsnapzone.com/cards/cyclops,,3,4,Cyclops,qurzcerrf9d75squnrz7,Starter Card,starter-card
269,The Thing,Character,https://marvelsnapzone.com/wp-content/themes/blocksy-child/assets/media/cards/the-thing.webp?v=21,https://marvelsnapzone.com/cards/the-thing,,4,6,TheThing,qurzcerrf9d75squnrz7,Starter Card,starter-card
282,Uncle Ben,Character,https://marvelsnapzone.com/wp-content/themes/blocksy-child/assets/media/cards/uncle-ben.webp?v=21,https://marvelsnapzone.com/cards/uncle-ben,"When this card is destroyed, add Spider-Man to your hand.",1,2,UncleBen,arvxk6xdduuy1kjtxfp,Not Available,not-available
86,Ghost-Spider,Character,https://marvelsnapzone.com/wp-content/themes/blocksy-child/assets/media/cards/ghost-spider.webp?v=21,https://marvelsnapzone.com/cards/ghost-spider,On Reveal: Move the last card you played here.,2,2,GhostSpider,arvxk6xdduuy1kjtxfp,Not Available,not-available
215,Sandman,Character,https://marvelsnapzone.com/wp-content/themes/blocksy-child/assets/media/cards/sandman.webp?v=21,https://marvelsnapzone.com/cards/sandman,Ongoing: Players can only play 1 card a turn.,4,1,Sandman,arvxk6xdduuy1kjtxfp,Collection Level 222-474 (Pool 2),pool-2
272,Thor,Character,https://marvelsnapzone.com/wp-content/themes/blocksy-child/assets/media/cards/thor.webp?v=21,https://marvelsnapzone.com/cards/thor,On Reveal: Shuffle Mjolnir into your deck.,3,4,Thor,m5rbzox5ntebulynp7hy,Collection Level 486+ (Pool 3),pool-3
257,Taskmaster,Character,https://marvelsnapzone.com/wp-content/themes/blocksy-child/assets/media/cards/taskmaster.webp?v=21,https://marvelsnapzone.com/cards/taskmaster,On Reveal: Set this card's Power equal to the Power of the last card you played.,5,0,Taskmaster,myuh9ooqiao9pel2kfeq,Collection Level 486+ (Pool 3),pool-3
180,Nick Fury,Character,https://marvelsnapzone.com/wp-content/themes/blocksy-child/assets/media/cards/nick-fury.webp?v=21,https://marvelsnapzone.com/cards/nick-fury,On Reveal: Add 3 random 6-Cost cards to your hand.,5,7,NickFury,gliopt1nvlg34liydkh2,Collection Level 486+ (Pool 3),pool-3
61,Destroyer,Character,https://marvelsnapzone.com/wp-content/themes/blocksy-child/assets/media/cards/destroyer.webp?v=21,https://marvelsnapzone.com/cards/destroyer,On Reveal: Destroy your other cards.,6,16,Destroyer,j9hcziabc1mtqpi1cme,Collection Level 486+ (Pool 3),pool-3
308,Yo-Yo,Character,https://marvelsnapzone.com/wp-content/themes/blocksy-child/assets/media/cards/yo-yo.webp?v=21,https://marvelsnapzone.com/cards/yo-yo,"When this card moves, move it back with +1 Power.",1,2,Move,3u2pqdjvc6q75ttdq8c,,
39,Cerebro,Character,https://marvelsnapzone.com/wp-content/themes/blocksy-child/assets/media/cards/cerebro.webp?v=21,https://marvelsnapzone.com/cards/cerebro,Ongoing: Your highest Power cards get +2 Power.,3,0,Cerebro,oqhdargpbr2urcd2zixc,Collection Level 486+ (Pool 3),pool-3
43,Colossus,Character,https://marvelsnapzone.com/wp-content/themes/blocksy-child/assets/media/cards/colossus.webp?v=21,https://marvelsnapzone.com/cards/colossus,"Ongoing: Can't be destroyed, moved, or have its Power reduced.",2,3,Colossus,cemkob7qzf1gb1ltlyfy,Recruit Season,recruit-season
307,Yellowjacket,Character,https://marvelsnapzone.com/wp-content/themes/blocksy-child/assets/media/cards/yellowjacket.webp?v=21,https://marvelsnapzone.com/cards/yellowjacket,On Reveal: Afflict your other cards at this location with -1 Power.,0,2,Yellowjacket,ltoxsuwbh71ayvgynuol,Collection Level 486+ (Pool 3),pool-3
54,Darkhawk,Character,https://marvelsnapzone.com/wp-content/themes/blocksy-child/assets/media/cards/darkhawk.webp?v=21,https://marvelsnapzone.com/cards/darkhawk,You can only play this at locations where you already have a card.,1,3,Darkhawk,ltoxsuwbh71ayvgynuol,Not Available,not-available
138,Luke Cage,Character,https://marvelsnapzone.com/wp-content/themes/blocksy-child/assets/media/cards/luke-cage.webp?v=21,https://marvelsnapzone.com/cards/luke-cage,Ongoing: Your cards can't have their Power reduced.,2,1,LukeCage,ltoxsuwbh71ayvgynuol,Rare - Collection Level 486+ (Pool 4),pool-4
279,Typhoid Mary,Character,https://marvelsnapzone.com/wp-content/themes/blocksy-child/assets/media/cards/typhoid-mary.webp?v=21,https://marvelsnapzone.com/cards/typhoid-mary,Ongoing: Your other cards have -1 Power.,4,10,TyphoidMary,ltoxsuwbh71ayvgynuol,Collection Level 486+ (Pool 3),pool-3
283,Valkyrie,Character,https://marvelsnapzone.com/wp-content/themes/blocksy-child/assets/media/cards/valkyrie.webp?v=21,https://marvelsnapzone.com/cards/valkyrie,On Reveal: Set ALL cards at this location to 3 Power.,5,3,Valkyrie,jogq87savz3yob1o7thc,Ultra Rare - Collection Level 486+ (Pool 5),pool-5
73,Ebony Maw,Character,https://marvelsnapzone.com/wp-content/themes/blocksy-child/assets/media/cards/ebony-maw.webp?v=21,https://marvelsnapzone.com/cards/ebony-maw,You can't play this after turn 3. Ongoing: You can't play cards here.,1,7,EbonyMaw,lbtms0zb2s6yto5bzrbs,Collection Level 222-474 (Pool 2),pool-2
166,Morph,Character,https://marvelsnapzone.com/wp-content/themes/blocksy-child/assets/media/cards/morph.webp?v=21,https://marvelsnapzone.com/cards/morph,On Reveal: Become a copy of a random card in your opponent's hand.,3,0,Morph,nklf5tv7yafkxtbnc2r,Collection Level 18-214 (Pool 1),pool-1
134,Lizard,Character,https://marvelsnapzone.com/wp-content/themes/blocksy-child/assets/media/cards/lizard.webp?v=21,https://marvelsnapzone.com/cards/lizard,Ongoing: -3 Power if your opponent has 4 cards here.,2,5,Lizard,p0qtfr3u0wjjrm6manwg,Collection Level 18-214 (Pool 1),pool-1
119,Kingpin,Character,https://marvelsnapzone.com/wp-content/themes/blocksy-child/assets/media/cards/kingpin.webp?v=21,https://marvelsnapzone.com/cards/kingpin,"When a card moves here on turn 6, destroy it.",3,4,Kingpin,wwpobhbpzjirbzt61fbm,Collection Level 486+ (Pool 3),pool-3
297,White Queen,Character,https://marvelsnapzone.com/wp-content/themes/blocksy-child/assets/media/cards/white-queen.webp?v=21,https://marvelsnapzone.com/cards/white-queen,On Reveal: Draw a copy of the highest Cost card in your opponent's hand.,4,6,WhiteQueen,wwpobhbpzjirbzt61fbm,Collection Level 18-214 (Pool 1),pool-1
199,Quinjet,Character,https://marvelsnapzone.com/wp-content/themes/blocksy-child/assets/media/cards/quinjet.webp?v=21,https://marvelsnapzone.com/cards/quinjet,Ongoing: Cards that didn't start in your deck cost 1 less.,1,2,Quinjet,j3qfdjltud95sbwz14b,Collection Level 486+ (Pool 3),pool-3
239,Spectrum,Character,https://marvelsnapzone.com/wp-content/themes/blocksy-child/assets/media/cards/spectrum.webp?v=21,https://marvelsnapzone.com/cards/spectrum,On Reveal: Give your Ongoing cards +2 Power.,6,5,Spectrum,j3qfdjltud95sbwz14b,Collection Level 1-14,collection-level
147,Mephisto,Character,https://marvelsnapzone.com/wp-content/themes/blocksy-child/assets/media/cards/mephisto.webp?v=21,https://marvelsnapzone.com/cards/mephisto,"If you win this game, double your winnings.",6,0,Mephisto,cy7bemooytjeib60lack,Not Available,not-available
28,Blink,Character,https://marvelsnapzone.com/wp-content/themes/blocksy-child/assets/media/cards/blink.webp?v=21,https://marvelsnapzone.com/cards/blink,"You can move this each turn. When it moves, +1 Power.",3,1,Blink,oce1lydcyuljxiucjb,Not Available,not-available
314,Master Mold,Character,https://marvelsnapzone.com/wp-content/themes/blocksy-child/assets/media/cards/master-mold.webp?v=21,https://marvelsnapzone.com/cards/master-mold,On Reveal: Add 3 Sentinel to your opponent's hand.,3,3,HardStatsHandclog,ujtuaz74oarrpyf6xh,,
47,Crystal,Character,https://marvelsnapzone.com/wp-content/themes/blocksy-child/assets/media/cards/crystal.webp?v=21,https://marvelsnapzone.com/cards/crystal,"On Reveal: If this is at the middle location, shuffle your hand into your deck and draw 3 cards.",4,4,Crystal,qxgq9h9ys2vywxkek3,Collection Level 486+ (Pool 3),pool-3
388,Night Nurse,Character,https://marvelsnapzone.com/wp-content/themes/blocksy-child/assets/media/cards/night-nurse.webp?v=21,https://marvelsnapzone.com/cards/night-nurse,On Reveal: Add all cards you discarded or destroyed last turn to your hand.,2,2,DestroyHand,a6bwoyq7jlnhubga5uco,,
88,Goose,Character,https://marvelsnapzone.com/wp-content/themes/blocksy-child/assets/media/cards/goose.webp?v=21,https://marvelsnapzone.com/cards/goose,"Ongoing: Nobody can play cards that cost 4, 5, or 6 at this location.",2,2,Goose,yy67cggsjzv63myscxy,Collection Level 486+ (Pool 3),pool-3
22,Black Bolt,Character,https://marvelsnapzone.com/wp-content/themes/blocksy-child/assets/media/cards/black-bolt.webp?v=21,https://marvelsnapzone.com/cards/black-bolt,On Reveal: Your opponent must discard the lowest-Cost card in their hand.,5,8,BlackBolt,kafznqyjtmy5hp8tx2z,Collection Level 486+ (Pool 3),pool-3
197,Quake,Character,https://marvelsnapzone.com/wp-content/themes/blocksy-child/assets/media/cards/quake.webp?v=21,https://marvelsnapzone.com/cards/quake,"On Reveal: If this is at the middle location, swap the positions of each location.",2,3,Quake,br2bappcdguh7h7cciue,Collection Level 486+ (Pool 3),pool-3
46,Crossbones,Character,https://marvelsnapzone.com/wp-content/themes/blocksy-child/assets/media/cards/crossbones.webp?v=21,https://marvelsnapzone.com/cards/crossbones,You can only play this at locations where you are winning.,4,8,Crossbones,57ofdlnwbqll6tqbp0ul,Collection Level 486+ (Pool 3),pool-3
380,Bast,Character,https://marvelsnapzone.com/wp-content/themes/blocksy-child/assets/media/cards/bast.webp?v=21,https://marvelsnapzone.com/cards/bast,On Reveal: Set the Power of all cards in your hand to 3.,1,1,Bast,nbbbie0z9ywfloojzl8m,Ultra Rare - Collection Level 486+ (Pool 5),pool-5
228,Shuri,Character,https://marvelsnapzone.com/wp-content/themes/blocksy-child/assets/media/cards/shuri.webp?v=21,https://marvelsnapzone.com/cards/shuri,On Reveal: Double the Power of the next card you play.,4,2,Shuri,nbbbie0z9ywfloojzl8m,Ultra Rare - Collection Level 486+ (Pool 5),pool-5
25,Black Panther,Character,https://marvelsnapzone.com/wp-content/themes/blocksy-child/assets/media/cards/black-panther.webp?v=21,https://marvelsnapzone.com/cards/black-panther,On Reveal: Double this card's Power.,5,4,BlackPanther,nbbbie0z9ywfloojzl8m,Season Pass,season-pass
99,Hit Monkey,Character,https://marvelsnapzone.com/wp-content/themes/blocksy-child/assets/media/cards/hit-monkey.webp?v=21,https://marvelsnapzone.com/cards/hit-monkey,On Reveal: Gain +3 Power for each other card you played this turn.,2,0,HitMonkey,19l0thy8htfuct3x23s,Not Available,not-available
226,She-Hulk,Character,https://marvelsnapzone.com/wp-content/themes/blocksy-child/assets/media/cards/she-hulk.webp?v=21,https://marvelsnapzone.com/cards/she-hulk,Costs 1 less for each unspent Energy last turn.,6,10,SheHulk,ezlfjwow2w4ph6ztfcj0,Rare - Collection Level 486+ (Pool 4),pool-4
52,Daredevil,Character,https://marvelsnapzone.com/wp-content/themes/blocksy-child/assets/media/cards/daredevil.webp?v=21,https://marvelsnapzone.com/cards/daredevil,"On turn 5, you get to see your opponent's plays before you make your own.",2,2,Daredevil,7gx87umyxn6xar8sdrp4,Collection Level 486+ (Pool 3),pool-3
381,Flatman,Character,https://marvelsnapzone.com/wp-content/themes/blocksy-child/assets/media/cards/flatman.webp?v=21,https://marvelsnapzone.com/cards/flatman,Ongoing: Adjacent locations have +1 Power.,2,2,Cer2bro,7gx87umyxn6xar8sdrp4,,
392,Toad,Character,https://marvelsnapzone.com/wp-content/themes/blocksy-child/assets/media/cards/toad.webp?v=21,https://marvelsnapzone.com/cards/toad,On Reveal: Move the last card you played to this location.,2,3,Toad,gugedlcnd47vulvfzufu,Not Available,not-available
384,Helicarrier,Character,https://marvelsnapzone.com/wp-content/themes/blocksy-child/assets/media/cards/helicarrier.webp?v=21,https://marvelsnapzone.com/cards/helicarrier,"When you discard this from your hand, replace it with 3 random cards.",6,10,Helicarrier,hjn9ukllz4wegg4gahgl,Rare - Collection Level 486+ (Pool 4),pool-4
281,Ultron,Character,https://marvelsnapzone.com/wp-content/themes/blocksy-child/assets/media/cards/ultron.webp?v=21,https://marvelsnapzone.com/cards/ultron,On Reveal: Create four 1-Power Drones at each other location.,6,8,Ultron,h7yhgpajngrr4izmgrsq,Collection Level 486+ (Pool 3),pool-3
413,The Phoenix Force,Character,https://marvelsnapzone.com/wp-content/themes/blocksy-child/assets/media/cards/the-phoenix-force.webp?v=21,https://marvelsnapzone.com/cards/the-phoenix-force,"On Reveal: Revive one of your destroyed cards with +5 Power. If it's Jean Grey, +10 Power.",6,3,ThePhoenixForce,fd2nqvqntwfhzsoo9izx,Not Available,not-available
204,Rescue,Character,https://marvelsnapzone.com/wp-content/themes/blocksy-child/assets/media/cards/rescue.webp?v=21,https://marvelsnapzone.com/cards/rescue,"On Reveal: If you play a card here next turn, +5 Power.",4,4,Rescue,pxjmbn6cmiehvre81nz,Collection Level 486+ (Pool 3),pool-3
68,Doombot,Character,https://marvelsnapzone.com/wp-content/themes/blocksy-child/assets/media/cards/doombot.webp?v=21,https://marvelsnapzone.com/cards/doombot,,6,5,Doombot,zslux2gq6ymztrqcx1d,Not Available,not-available
232,Silver Surfer,Character,https://marvelsnapzone.com/wp-content/themes/blocksy-child/assets/media/cards/silver-surfer.webp?v=21,https://marvelsnapzone.com/cards/silver-surfer,On Reveal: Give your other 3-Cost cards +3 Power.,3,0,SilverSurfer,4kinbusbjcgmuuyism,Not Available,not-available
383,Gwenpool,Character,https://marvelsnapzone.com/wp-content/themes/blocksy-child/assets/media/cards/gwenpool.webp?v=21,https://marvelsnapzone.com/cards/gwenpool,On Reveal: Double this card's Power.,2,1,TheDouble\'s,f2qtwgncrfunnpy5qmp,,
139,M'Baku,Character,https://marvelsnapzone.com/wp-content/themes/blocksy-child/assets/media/cards/mbaku.webp?v=21,https://marvelsnapzone.com/cards/mbaku,"If this is in your deck at the end of the game, it leaps to a random location.",1,2,MBaku,dx34vnjdydykyhbhragr,Rare - Collection Level 486+ (Pool 4),pool-4
202,Red Guardian,Character,https://marvelsnapzone.com/wp-content/themes/blocksy-child/assets/media/cards/red-guardian.webp?v=21,https://marvelsnapzone.com/cards/red-guardian,On Reveal: You must play a card here next turn.,3,6,RedGuardian,q3nzzlm5nmyhno0gn9zj,Not Available,not-available
177,Negasonic Teenage Warhead,Character,https://marvelsnapzone.com/wp-content/themes/blocksy-child/assets/media/cards/negasonic-teenage-warhead.webp?v=21,https://marvelsnapzone.com/cards/negasonic-teenage-warhead,"When any card is played here, destroy this card AND that card.",3,2,NegasonicTeenageWarhead,btu8ewhatyhs4okvn7x,Not Available,not-available
316,Ms. Marvel,Character,https://marvelsnapzone.com/wp-content/themes/blocksy-child/assets/media/cards/ms.-marvel.webp?v=21,https://marvelsnapzone.com/cards/ms-marvel,"Ongoing: If this is your only card here, adjacent locations have +5 Power.",3,4,MsMarvel,xn8glx03ppxb6ipq0t,Not Available,not-available
385,King Eitri,Character,https://marvelsnapzone.com/wp-content/themes/blocksy-child/assets/media/cards/king-eitri.webp?v=21,https://marvelsnapzone.com/cards/king-eitri,On Reveal: Give the next card you play +4 Power.,5,3,Prueba1,eoc3xqvpycylpbpig5,,
387,Broodling,Character,https://marvelsnapzone.com/wp-content/themes/blocksy-child/assets/media/cards/broodling.webp?v=21,https://marvelsnapzone.com/cards/broodling,,3,2,Broodling,jxfxzx32heooyztb9tc,Not Available,not-available
235,Snowguard,Character,https://marvelsnapzone.com/wp-content/themes/blocksy-child/assets/media/cards/snowguard.webp?v=21,https://marvelsnapzone.com/cards/snowguard,"If you haven't played this by turn 3, transform into a random spirit animal.",1,2,Snowguard,dg24xxi9bvhxlnl7vsb,Not Available,not-available
378,MjÃ¶lnir,Character,https://marvelsnapzone.com/wp-content/themes/blocksy-child/assets/media/cards/mjÃ¶lnir.webp?v=21,https://marvelsnapzone.com/cards/mjolnir,On Reveal: Give Thor +6 Power.,0,0,Mjolnir,cchxbr2msvmxzvoacy3k,,
157,MODOK,Character,https://marvelsnapzone.com/wp-content/themes/blocksy-child/assets/media/cards/modok.webp?v=21,https://marvelsnapzone.com/cards/modok,On Reveal: Discard your hand.,5,8,Modok,e5ow2ta4kefohoxz5pdw,Not Available,not-available
386,Annihilus,Character,https://marvelsnapzone.com/wp-content/themes/blocksy-child/assets/media/cards/annihilus.webp?v=21,https://marvelsnapzone.com/cards/annihilus,On Reveal: Each of your cards randomly chooses a location to move to.,6,5,MovingOut,jwp8sxenko46rbv8wyfz,,
379,Attuma,Character,https://marvelsnapzone.com/wp-content/themes/blocksy-child/assets/media/cards/attuma.webp?v=21,https://marvelsnapzone.com/cards/attuma,"If you have another card here at the end of your turn, destroy this.",4,10,Attuma,obd2blku34nhejwvsohv,Rare - Collection Level 486+ (Pool 4),pool-4
29,Blob,Character,https://marvelsnapzone.com/wp-content/themes/blocksy-child/assets/media/cards/blob.webp?v=21,https://marvelsnapzone.com/cards/blob,Ongoing: Nothing can move this to another location.,3,4,Blob,yxkajak3nxoszmpp1fj,Not Available,not-available
395,X-23,Character,https://marvelsnapzone.com/wp-content/themes/blocksy-child/assets/media/cards/x-23.webp?v=21,https://marvelsnapzone.com/cards/x-23,"When this is discarded from your hand, put it back. It costs 0.",3,3,Discard,h3yxs6hc7baougjmrqz,,
238,Space Stone,Character,https://marvelsnapzone.com/wp-content/themes/blocksy-child/assets/media/cards/space-stone.webp?v=21,https://marvelsnapzone.com/cards/space-stone,On Reveal: Next turn you can move 1 card at this location. Draw a card.,1,1,SpaceStone,5iemta3uzewuhugeli8,Not Available,not-available
229,Silk,Character,https://marvelsnapzone.com/wp-content/themes/blocksy-child/assets/media/cards/silk.webp?v=21,https://marvelsnapzone.com/cards/silk,"When anyone plays a card here, move this to another location.",2,5,Silk,5iemta3uzewuhugeli8,Not Available,not-available
300,Winter Soldier,Character,https://marvelsnapzone.com/wp-content/themes/blocksy-child/assets/media/cards/winter-soldier.webp?v=21,https://marvelsnapzone.com/cards/winter-soldier,,2,6,WinterSoldier,vqkaak8crp4lsefohqm3,Not Available,not-available
265,The Living Tribunal,Character,https://marvelsnapzone.com/wp-content/themes/blocksy-child/assets/media/cards/the-living-tribunal.webp?v=21,https://marvelsnapzone.com/cards/the-living-tribunal,"At the end of the game, split your total Power evenly among all Locations.",6,4,LivingTribunal,wwon79ywvtnfj5vqbvi,Not Available,not-available
394,Witchfire,Character,https://marvelsnapzone.com/wp-content/themes/blocksy-child/assets/media/cards/witchfire.webp?v=21,https://marvelsnapzone.com/cards/witchfire,"On Reveal: Your opponent draws a card, increase its cost by 1.",2,3,RageQuit,gbmu68d9w8josraz9y,,
317,Shanna,Character,https://marvelsnapzone.com/wp-content/themes/blocksy-child/assets/media/cards/shanna.webp?v=21,https://marvelsnapzone.com/cards/shanna,On Reveal: Add a random 1-Cost card to each location,4,2,Shanna,tjreguevoglnwnkrsxr,Not Available,not-available
60,Demon,Character,https://marvelsnapzone.com/wp-content/themes/blocksy-child/assets/media/cards/demon.webp?v=21,https://marvelsnapzone.com/cards/demon,,1,6,Demon,haaxid935ah49330scz,Not Available,not-available
390,Sauron,Character,https://marvelsnapzone.com/wp-content/themes/blocksy-child/assets/media/cards/sauron.webp?v=21,https://marvelsnapzone.com/cards/sauron,On Reveal: Remove the abilities from all Ongoing cards in your hand and deck.,3,3,Sauron,rv2jbtcfssqftkdqp6zl,Not Available,not-available
55,Dazzler,Character,https://marvelsnapzone.com/wp-content/themes/blocksy-child/assets/media/cards/dazzler.webp?v=21,https://marvelsnapzone.com/cards/dazzler,"Ongoing: If you have 4 cards at each location, +6 Power.",4,4,Dazzler,ww6zdagm50acwipyilf,Not Available,not-available
400,Sinister Clone,Character,https://marvelsnapzone.com/wp-content/themes/blocksy-child/assets/media/cards/sinister-clone.webp?v=21,https://marvelsnapzone.com/cards/sinister-clone,,2,2,SinisterClone,8opbc9l6cyqr0p4jhiv,Not Available,not-available
382,Goblin Queen,Character,https://marvelsnapzone.com/wp-content/themes/blocksy-child/assets/media/cards/goblin-queen.webp?v=21,https://marvelsnapzone.com/cards/goblin-queen,On Reveal: Other cards can't be revealed this turn.,2,3,FemaleFatale,feftghv9bd1ouu5kkrey,,
190,Orka,Character,https://marvelsnapzone.com/wp-content/themes/blocksy-child/assets/media/cards/orka.webp?v=21,https://marvelsnapzone.com/cards/orka,Ongoing: +5 Power if this is your only card here.,6,9,Orka,igr8chzq9xpeo6gcqfzg,Rare - Collection Level 486+ (Pool 4),pool-4
393,Viv Vision,Character,https://marvelsnapzone.com/wp-content/themes/blocksy-child/assets/media/cards/viv-vision.webp?v=21,https://marvelsnapzone.com/cards/viv-vision,"When you move a card to a location, move this card
there as well.",2,3,GroupedMove,8inlxhonhfp3enx27t7,,
132,Legion,Character,https://marvelsnapzone.com/wp-content/themes/blocksy-child/assets/media/cards/legion.webp?v=21,https://marvelsnapzone.com/cards/legion,On Reveal: Change other locations into this location.,5,4,Legion,mjrsrjozmsclzwnpfewp,Not Available,not-available
409,Knull,Character,https://marvelsnapzone.com/wp-content/themes/blocksy-child/assets/media/cards/knull.webp?v=21,https://marvelsnapzone.com/cards/knull,Ongoing: Has the combined Power of all cards destroyed this game.,6,0,Knull,emwt5evrj9imopytadq,,
410,Mysterio?,Character,https://marvelsnapzone.com/wp-content/themes/blocksy-child/assets/media/cards/mysterio-.webp?v=21,https://marvelsnapzone.com/cards/mysterio-,,2,0,MysterioUnrevealed,nv2uwsxu6rkwdp4qy1u,,
